[{"name":"abstract fun createPizza(requestBody: CreatePizza): Call<ResponseCreatePizza>","description":"com.joanet.pizzalgustmobile.ApiService.createPizza","location":"app/com.joanet.pizzalgustmobile/-api-service/create-pizza.html","searchKeys":["createPizza","abstract fun createPizza(requestBody: CreatePizza): Call<ResponseCreatePizza>","com.joanet.pizzalgustmobile.ApiService.createPizza"]},{"name":"abstract fun createUser(requestBody: CreateUser): Call<UserResponse>","description":"com.joanet.pizzalgustmobile.ApiService.createUser","location":"app/com.joanet.pizzalgustmobile/-api-service/create-user.html","searchKeys":["createUser","abstract fun createUser(requestBody: CreateUser): Call<UserResponse>","com.joanet.pizzalgustmobile.ApiService.createUser"]},{"name":"abstract fun deleteUser(requestBody: DeleteUser): Call<DeleteUserResponse>","description":"com.joanet.pizzalgustmobile.ApiService.deleteUser","location":"app/com.joanet.pizzalgustmobile/-api-service/delete-user.html","searchKeys":["deleteUser","abstract fun deleteUser(requestBody: DeleteUser): Call<DeleteUserResponse>","com.joanet.pizzalgustmobile.ApiService.deleteUser"]},{"name":"abstract fun getAllPizzas(getAllPizzasRequest: GetAllPizzasRequest): Call<GetAllPizzas>","description":"com.joanet.pizzalgustmobile.ApiService.getAllPizzas","location":"app/com.joanet.pizzalgustmobile/-api-service/get-all-pizzas.html","searchKeys":["getAllPizzas","abstract fun getAllPizzas(getAllPizzasRequest: GetAllPizzasRequest): Call<GetAllPizzas>","com.joanet.pizzalgustmobile.ApiService.getAllPizzas"]},{"name":"abstract fun getAllUsers(requestBody: GetAllUsersRequest): Call<GetAllUsers>","description":"com.joanet.pizzalgustmobile.ApiService.getAllUsers","location":"app/com.joanet.pizzalgustmobile/-api-service/get-all-users.html","searchKeys":["getAllUsers","abstract fun getAllUsers(requestBody: GetAllUsersRequest): Call<GetAllUsers>","com.joanet.pizzalgustmobile.ApiService.getAllUsers"]},{"name":"abstract fun getUserData(requestBody: Login): Call<Login>","description":"com.joanet.pizzalgustmobile.ApiService.getUserData","location":"app/com.joanet.pizzalgustmobile/-api-service/get-user-data.html","searchKeys":["getUserData","abstract fun getUserData(requestBody: Login): Call<Login>","com.joanet.pizzalgustmobile.ApiService.getUserData"]},{"name":"abstract fun logout(requestBody: Logout): Call<Logout>","description":"com.joanet.pizzalgustmobile.ApiService.ApiLogout.logout","location":"app/com.joanet.pizzalgustmobile/-api-service/-api-logout/logout.html","searchKeys":["logout","abstract fun logout(requestBody: Logout): Call<Logout>","com.joanet.pizzalgustmobile.ApiService.ApiLogout.logout"]},{"name":"abstract fun updateAdminUser(requestBody: AdminUpdateUser): Call<AdminUpdateResponse>","description":"com.joanet.pizzalgustmobile.ApiService.updateAdminUser","location":"app/com.joanet.pizzalgustmobile/-api-service/update-admin-user.html","searchKeys":["updateAdminUser","abstract fun updateAdminUser(requestBody: AdminUpdateUser): Call<AdminUpdateResponse>","com.joanet.pizzalgustmobile.ApiService.updateAdminUser"]},{"name":"abstract fun updateUser(requestBody: UpdateUser): Call<UpdateResponse>","description":"com.joanet.pizzalgustmobile.ApiService.updateUser","location":"app/com.joanet.pizzalgustmobile/-api-service/update-user.html","searchKeys":["updateUser","abstract fun updateUser(requestBody: UpdateUser): Call<UpdateResponse>","com.joanet.pizzalgustmobile.ApiService.updateUser"]},{"name":"class AdminActivity : AppCompatActivity","description":"com.joanet.pizzalgustmobile.AdminActivity","location":"app/com.joanet.pizzalgustmobile/-admin-activity/index.html","searchKeys":["AdminActivity","class AdminActivity : AppCompatActivity","com.joanet.pizzalgustmobile.AdminActivity"]},{"name":"class AdminUpdateActivity : AppCompatActivity","description":"com.joanet.pizzalgustmobile.AdminUpdateActivity","location":"app/com.joanet.pizzalgustmobile/-admin-update-activity/index.html","searchKeys":["AdminUpdateActivity","class AdminUpdateActivity : AppCompatActivity","com.joanet.pizzalgustmobile.AdminUpdateActivity"]},{"name":"class CreatePizzaActivity : AppCompatActivity","description":"com.joanet.pizzalgustmobile.CreatePizzaActivity","location":"app/com.joanet.pizzalgustmobile/-create-pizza-activity/index.html","searchKeys":["CreatePizzaActivity","class CreatePizzaActivity : AppCompatActivity","com.joanet.pizzalgustmobile.CreatePizzaActivity"]},{"name":"class CreateUsersActivity : AppCompatActivity","description":"com.joanet.pizzalgustmobile.CreateUsersActivity","location":"app/com.joanet.pizzalgustmobile/-create-users-activity/index.html","searchKeys":["CreateUsersActivity","class CreateUsersActivity : AppCompatActivity","com.joanet.pizzalgustmobile.CreateUsersActivity"]},{"name":"class GetAllPizzasActivity : AppCompatActivity","description":"com.joanet.pizzalgustmobile.GetAllPizzasActivity","location":"app/com.joanet.pizzalgustmobile/-get-all-pizzas-activity/index.html","searchKeys":["GetAllPizzasActivity","class GetAllPizzasActivity : AppCompatActivity","com.joanet.pizzalgustmobile.GetAllPizzasActivity"]},{"name":"class MainActivity : AppCompatActivity","description":"com.joanet.pizzalgustmobile.MainActivity","location":"app/com.joanet.pizzalgustmobile/-main-activity/index.html","searchKeys":["MainActivity","class MainActivity : AppCompatActivity","com.joanet.pizzalgustmobile.MainActivity"]},{"name":"class PizzaListAdapter(pizzas: List<Pizza>) : RecyclerView.Adapter<PizzaListAdapter.PizzaViewHolder> ","description":"com.joanet.pizzalgustmobile.PizzaListAdapter","location":"app/com.joanet.pizzalgustmobile/-pizza-list-adapter/index.html","searchKeys":["PizzaListAdapter","class PizzaListAdapter(pizzas: List<Pizza>) : RecyclerView.Adapter<PizzaListAdapter.PizzaViewHolder> ","com.joanet.pizzalgustmobile.PizzaListAdapter"]},{"name":"class PizzaViewHolder(itemView: View) : RecyclerView.ViewHolder","description":"com.joanet.pizzalgustmobile.PizzaListAdapter.PizzaViewHolder","location":"app/com.joanet.pizzalgustmobile/-pizza-list-adapter/-pizza-view-holder/index.html","searchKeys":["PizzaViewHolder","class PizzaViewHolder(itemView: View) : RecyclerView.ViewHolder","com.joanet.pizzalgustmobile.PizzaListAdapter.PizzaViewHolder"]},{"name":"class PizzasActivity : AppCompatActivity","description":"com.joanet.pizzalgustmobile.PizzasActivity","location":"app/com.joanet.pizzalgustmobile/-pizzas-activity/index.html","searchKeys":["PizzasActivity","class PizzasActivity : AppCompatActivity","com.joanet.pizzalgustmobile.PizzasActivity"]},{"name":"class UpdateUserActivity : AppCompatActivity","description":"com.joanet.pizzalgustmobile.UpdateUserActivity","location":"app/com.joanet.pizzalgustmobile/-update-user-activity/index.html","searchKeys":["UpdateUserActivity","class UpdateUserActivity : AppCompatActivity","com.joanet.pizzalgustmobile.UpdateUserActivity"]},{"name":"class UserActivity : AppCompatActivity","description":"com.joanet.pizzalgustmobile.UserActivity","location":"app/com.joanet.pizzalgustmobile/-user-activity/index.html","searchKeys":["UserActivity","class UserActivity : AppCompatActivity","com.joanet.pizzalgustmobile.UserActivity"]},{"name":"class UserListAdapter(users: List<User>) : RecyclerView.Adapter<UserListAdapter.UserViewHolder> ","description":"com.joanet.pizzalgustmobile.UserListAdapter","location":"app/com.joanet.pizzalgustmobile/-user-list-adapter/index.html","searchKeys":["UserListAdapter","class UserListAdapter(users: List<User>) : RecyclerView.Adapter<UserListAdapter.UserViewHolder> ","com.joanet.pizzalgustmobile.UserListAdapter"]},{"name":"class UserViewHolder(itemView: View) : RecyclerView.ViewHolder","description":"com.joanet.pizzalgustmobile.UserListAdapter.UserViewHolder","location":"app/com.joanet.pizzalgustmobile/-user-list-adapter/-user-view-holder/index.html","searchKeys":["UserViewHolder","class UserViewHolder(itemView: View) : RecyclerView.ViewHolder","com.joanet.pizzalgustmobile.UserListAdapter.UserViewHolder"]},{"name":"constructor()","description":"com.joanet.pizzalgustmobile.AdminActivity.AdminActivity","location":"app/com.joanet.pizzalgustmobile/-admin-activity/-admin-activity.html","searchKeys":["AdminActivity","constructor()","com.joanet.pizzalgustmobile.AdminActivity.AdminActivity"]},{"name":"constructor()","description":"com.joanet.pizzalgustmobile.AdminUpdateActivity.AdminUpdateActivity","location":"app/com.joanet.pizzalgustmobile/-admin-update-activity/-admin-update-activity.html","searchKeys":["AdminUpdateActivity","constructor()","com.joanet.pizzalgustmobile.AdminUpdateActivity.AdminUpdateActivity"]},{"name":"constructor()","description":"com.joanet.pizzalgustmobile.CreatePizzaActivity.CreatePizzaActivity","location":"app/com.joanet.pizzalgustmobile/-create-pizza-activity/-create-pizza-activity.html","searchKeys":["CreatePizzaActivity","constructor()","com.joanet.pizzalgustmobile.CreatePizzaActivity.CreatePizzaActivity"]},{"name":"constructor()","description":"com.joanet.pizzalgustmobile.CreateUsersActivity.CreateUsersActivity","location":"app/com.joanet.pizzalgustmobile/-create-users-activity/-create-users-activity.html","searchKeys":["CreateUsersActivity","constructor()","com.joanet.pizzalgustmobile.CreateUsersActivity.CreateUsersActivity"]},{"name":"constructor()","description":"com.joanet.pizzalgustmobile.GetAllPizzasActivity.GetAllPizzasActivity","location":"app/com.joanet.pizzalgustmobile/-get-all-pizzas-activity/-get-all-pizzas-activity.html","searchKeys":["GetAllPizzasActivity","constructor()","com.joanet.pizzalgustmobile.GetAllPizzasActivity.GetAllPizzasActivity"]},{"name":"constructor()","description":"com.joanet.pizzalgustmobile.MainActivity.MainActivity","location":"app/com.joanet.pizzalgustmobile/-main-activity/-main-activity.html","searchKeys":["MainActivity","constructor()","com.joanet.pizzalgustmobile.MainActivity.MainActivity"]},{"name":"constructor()","description":"com.joanet.pizzalgustmobile.PizzasActivity.PizzasActivity","location":"app/com.joanet.pizzalgustmobile/-pizzas-activity/-pizzas-activity.html","searchKeys":["PizzasActivity","constructor()","com.joanet.pizzalgustmobile.PizzasActivity.PizzasActivity"]},{"name":"constructor()","description":"com.joanet.pizzalgustmobile.UpdateUserActivity.UpdateUserActivity","location":"app/com.joanet.pizzalgustmobile/-update-user-activity/-update-user-activity.html","searchKeys":["UpdateUserActivity","constructor()","com.joanet.pizzalgustmobile.UpdateUserActivity.UpdateUserActivity"]},{"name":"constructor()","description":"com.joanet.pizzalgustmobile.UserActivity.UserActivity","location":"app/com.joanet.pizzalgustmobile/-user-activity/-user-activity.html","searchKeys":["UserActivity","constructor()","com.joanet.pizzalgustmobile.UserActivity.UserActivity"]},{"name":"constructor(_id: String, email: String, first_name: String, is_admin: Boolean, last_name: String, user_name: String, user_type: String)","description":"com.joanet.pizzalgustmobile.User.User","location":"app/com.joanet.pizzalgustmobile/-user/-user.html","searchKeys":["User","constructor(_id: String, email: String, first_name: String, is_admin: Boolean, last_name: String, user_name: String, user_type: String)","com.joanet.pizzalgustmobile.User.User"]},{"name":"constructor(_id: String, name: String, description: String, price: Float)","description":"com.joanet.pizzalgustmobile.Pizza.Pizza","location":"app/com.joanet.pizzalgustmobile/-pizza/-pizza.html","searchKeys":["Pizza","constructor(_id: String, name: String, description: String, price: Float)","com.joanet.pizzalgustmobile.Pizza.Pizza"]},{"name":"constructor(email: String, password: String, msg: String, user_name: String, first_name: String, last_name: String, is_admin: Boolean, user_type: String, token: String)","description":"com.joanet.pizzalgustmobile.Login.Login","location":"app/com.joanet.pizzalgustmobile/-login/-login.html","searchKeys":["Login","constructor(email: String, password: String, msg: String, user_name: String, first_name: String, last_name: String, is_admin: Boolean, user_type: String, token: String)","com.joanet.pizzalgustmobile.Login.Login"]},{"name":"constructor(itemView: View)","description":"com.joanet.pizzalgustmobile.PizzaListAdapter.PizzaViewHolder.PizzaViewHolder","location":"app/com.joanet.pizzalgustmobile/-pizza-list-adapter/-pizza-view-holder/-pizza-view-holder.html","searchKeys":["PizzaViewHolder","constructor(itemView: View)","com.joanet.pizzalgustmobile.PizzaListAdapter.PizzaViewHolder.PizzaViewHolder"]},{"name":"constructor(itemView: View)","description":"com.joanet.pizzalgustmobile.UserListAdapter.UserViewHolder.UserViewHolder","location":"app/com.joanet.pizzalgustmobile/-user-list-adapter/-user-view-holder/-user-view-holder.html","searchKeys":["UserViewHolder","constructor(itemView: View)","com.joanet.pizzalgustmobile.UserListAdapter.UserViewHolder.UserViewHolder"]},{"name":"constructor(msg: String)","description":"com.joanet.pizzalgustmobile.AdminUpdateResponse.AdminUpdateResponse","location":"app/com.joanet.pizzalgustmobile/-admin-update-response/-admin-update-response.html","searchKeys":["AdminUpdateResponse","constructor(msg: String)","com.joanet.pizzalgustmobile.AdminUpdateResponse.AdminUpdateResponse"]},{"name":"constructor(msg: String)","description":"com.joanet.pizzalgustmobile.DeleteUserResponse.DeleteUserResponse","location":"app/com.joanet.pizzalgustmobile/-delete-user-response/-delete-user-response.html","searchKeys":["DeleteUserResponse","constructor(msg: String)","com.joanet.pizzalgustmobile.DeleteUserResponse.DeleteUserResponse"]},{"name":"constructor(msg: String)","description":"com.joanet.pizzalgustmobile.UpdateResponse.UpdateResponse","location":"app/com.joanet.pizzalgustmobile/-update-response/-update-response.html","searchKeys":["UpdateResponse","constructor(msg: String)","com.joanet.pizzalgustmobile.UpdateResponse.UpdateResponse"]},{"name":"constructor(msg: String, pizza_id: String)","description":"com.joanet.pizzalgustmobile.ResponseCreatePizza.ResponseCreatePizza","location":"app/com.joanet.pizzalgustmobile/-response-create-pizza/-response-create-pizza.html","searchKeys":["ResponseCreatePizza","constructor(msg: String, pizza_id: String)","com.joanet.pizzalgustmobile.ResponseCreatePizza.ResponseCreatePizza"]},{"name":"constructor(msg: String, user_id: String)","description":"com.joanet.pizzalgustmobile.UserResponse.UserResponse","location":"app/com.joanet.pizzalgustmobile/-user-response/-user-response.html","searchKeys":["UserResponse","constructor(msg: String, user_id: String)","com.joanet.pizzalgustmobile.UserResponse.UserResponse"]},{"name":"constructor(pizzas: List<Pizza>)","description":"com.joanet.pizzalgustmobile.GetAllPizzas.GetAllPizzas","location":"app/com.joanet.pizzalgustmobile/-get-all-pizzas/-get-all-pizzas.html","searchKeys":["GetAllPizzas","constructor(pizzas: List<Pizza>)","com.joanet.pizzalgustmobile.GetAllPizzas.GetAllPizzas"]},{"name":"constructor(pizzas: List<Pizza>)","description":"com.joanet.pizzalgustmobile.PizzaListAdapter.PizzaListAdapter","location":"app/com.joanet.pizzalgustmobile/-pizza-list-adapter/-pizza-list-adapter.html","searchKeys":["PizzaListAdapter","constructor(pizzas: List<Pizza>)","com.joanet.pizzalgustmobile.PizzaListAdapter.PizzaListAdapter"]},{"name":"constructor(token: String)","description":"com.joanet.pizzalgustmobile.GetAllPizzasRequest.GetAllPizzasRequest","location":"app/com.joanet.pizzalgustmobile/-get-all-pizzas-request/-get-all-pizzas-request.html","searchKeys":["GetAllPizzasRequest","constructor(token: String)","com.joanet.pizzalgustmobile.GetAllPizzasRequest.GetAllPizzasRequest"]},{"name":"constructor(token: String)","description":"com.joanet.pizzalgustmobile.GetAllUsersRequest.GetAllUsersRequest","location":"app/com.joanet.pizzalgustmobile/-get-all-users-request/-get-all-users-request.html","searchKeys":["GetAllUsersRequest","constructor(token: String)","com.joanet.pizzalgustmobile.GetAllUsersRequest.GetAllUsersRequest"]},{"name":"constructor(token: String, msg: String)","description":"com.joanet.pizzalgustmobile.Logout.Logout","location":"app/com.joanet.pizzalgustmobile/-logout/-logout.html","searchKeys":["Logout","constructor(token: String, msg: String)","com.joanet.pizzalgustmobile.Logout.Logout"]},{"name":"constructor(token: String, name: String, price: Float, description: String)","description":"com.joanet.pizzalgustmobile.CreatePizza.CreatePizza","location":"app/com.joanet.pizzalgustmobile/-create-pizza/-create-pizza.html","searchKeys":["CreatePizza","constructor(token: String, name: String, price: Float, description: String)","com.joanet.pizzalgustmobile.CreatePizza.CreatePizza"]},{"name":"constructor(token: String, user_id: String)","description":"com.joanet.pizzalgustmobile.DeleteUser.DeleteUser","location":"app/com.joanet.pizzalgustmobile/-delete-user/-delete-user.html","searchKeys":["DeleteUser","constructor(token: String, user_id: String)","com.joanet.pizzalgustmobile.DeleteUser.DeleteUser"]},{"name":"constructor(token: String, user_id: String, user_name: String? = null, email: String? = null, first_name: String? = null, last_name: String? = null)","description":"com.joanet.pizzalgustmobile.AdminUpdateUser.AdminUpdateUser","location":"app/com.joanet.pizzalgustmobile/-admin-update-user/-admin-update-user.html","searchKeys":["AdminUpdateUser","constructor(token: String, user_id: String, user_name: String? = null, email: String? = null, first_name: String? = null, last_name: String? = null)","com.joanet.pizzalgustmobile.AdminUpdateUser.AdminUpdateUser"]},{"name":"constructor(token: String, user_name: String? = null, email: String? = null, first_name: String? = null, last_name: String? = null)","description":"com.joanet.pizzalgustmobile.UpdateUser.UpdateUser","location":"app/com.joanet.pizzalgustmobile/-update-user/-update-user.html","searchKeys":["UpdateUser","constructor(token: String, user_name: String? = null, email: String? = null, first_name: String? = null, last_name: String? = null)","com.joanet.pizzalgustmobile.UpdateUser.UpdateUser"]},{"name":"constructor(user_name: String, email: String, first_name: String, last_name: String, password: String)","description":"com.joanet.pizzalgustmobile.CreateUser.CreateUser","location":"app/com.joanet.pizzalgustmobile/-create-user/-create-user.html","searchKeys":["CreateUser","constructor(user_name: String, email: String, first_name: String, last_name: String, password: String)","com.joanet.pizzalgustmobile.CreateUser.CreateUser"]},{"name":"constructor(users: List<User>)","description":"com.joanet.pizzalgustmobile.GetAllUsers.GetAllUsers","location":"app/com.joanet.pizzalgustmobile/-get-all-users/-get-all-users.html","searchKeys":["GetAllUsers","constructor(users: List<User>)","com.joanet.pizzalgustmobile.GetAllUsers.GetAllUsers"]},{"name":"constructor(users: List<User>)","description":"com.joanet.pizzalgustmobile.UserListAdapter.UserListAdapter","location":"app/com.joanet.pizzalgustmobile/-user-list-adapter/-user-list-adapter.html","searchKeys":["UserListAdapter","constructor(users: List<User>)","com.joanet.pizzalgustmobile.UserListAdapter.UserListAdapter"]},{"name":"data class AdminUpdateResponse(val msg: String)","description":"com.joanet.pizzalgustmobile.AdminUpdateResponse","location":"app/com.joanet.pizzalgustmobile/-admin-update-response/index.html","searchKeys":["AdminUpdateResponse","data class AdminUpdateResponse(val msg: String)","com.joanet.pizzalgustmobile.AdminUpdateResponse"]},{"name":"data class AdminUpdateUser(val token: String, val user_id: String, val user_name: String? = null, val email: String? = null, val first_name: String? = null, val last_name: String? = null) : Serializable","description":"com.joanet.pizzalgustmobile.AdminUpdateUser","location":"app/com.joanet.pizzalgustmobile/-admin-update-user/index.html","searchKeys":["AdminUpdateUser","data class AdminUpdateUser(val token: String, val user_id: String, val user_name: String? = null, val email: String? = null, val first_name: String? = null, val last_name: String? = null) : Serializable","com.joanet.pizzalgustmobile.AdminUpdateUser"]},{"name":"data class CreatePizza(val token: String, val name: String, val price: Float, val description: String) : Serializable","description":"com.joanet.pizzalgustmobile.CreatePizza","location":"app/com.joanet.pizzalgustmobile/-create-pizza/index.html","searchKeys":["CreatePizza","data class CreatePizza(val token: String, val name: String, val price: Float, val description: String) : Serializable","com.joanet.pizzalgustmobile.CreatePizza"]},{"name":"data class CreateUser(val user_name: String, val email: String, val first_name: String, val last_name: String, val password: String) : Serializable","description":"com.joanet.pizzalgustmobile.CreateUser","location":"app/com.joanet.pizzalgustmobile/-create-user/index.html","searchKeys":["CreateUser","data class CreateUser(val user_name: String, val email: String, val first_name: String, val last_name: String, val password: String) : Serializable","com.joanet.pizzalgustmobile.CreateUser"]},{"name":"data class DeleteUser(val token: String, val user_id: String) : Serializable","description":"com.joanet.pizzalgustmobile.DeleteUser","location":"app/com.joanet.pizzalgustmobile/-delete-user/index.html","searchKeys":["DeleteUser","data class DeleteUser(val token: String, val user_id: String) : Serializable","com.joanet.pizzalgustmobile.DeleteUser"]},{"name":"data class DeleteUserResponse(val msg: String) : Serializable","description":"com.joanet.pizzalgustmobile.DeleteUserResponse","location":"app/com.joanet.pizzalgustmobile/-delete-user-response/index.html","searchKeys":["DeleteUserResponse","data class DeleteUserResponse(val msg: String) : Serializable","com.joanet.pizzalgustmobile.DeleteUserResponse"]},{"name":"data class GetAllPizzas(val pizzas: List<Pizza>) : Serializable","description":"com.joanet.pizzalgustmobile.GetAllPizzas","location":"app/com.joanet.pizzalgustmobile/-get-all-pizzas/index.html","searchKeys":["GetAllPizzas","data class GetAllPizzas(val pizzas: List<Pizza>) : Serializable","com.joanet.pizzalgustmobile.GetAllPizzas"]},{"name":"data class GetAllPizzasRequest(val token: String) : Serializable","description":"com.joanet.pizzalgustmobile.GetAllPizzasRequest","location":"app/com.joanet.pizzalgustmobile/-get-all-pizzas-request/index.html","searchKeys":["GetAllPizzasRequest","data class GetAllPizzasRequest(val token: String) : Serializable","com.joanet.pizzalgustmobile.GetAllPizzasRequest"]},{"name":"data class GetAllUsers(val users: List<User>) : Serializable","description":"com.joanet.pizzalgustmobile.GetAllUsers","location":"app/com.joanet.pizzalgustmobile/-get-all-users/index.html","searchKeys":["GetAllUsers","data class GetAllUsers(val users: List<User>) : Serializable","com.joanet.pizzalgustmobile.GetAllUsers"]},{"name":"data class GetAllUsersRequest(val token: String) : Serializable","description":"com.joanet.pizzalgustmobile.GetAllUsersRequest","location":"app/com.joanet.pizzalgustmobile/-get-all-users-request/index.html","searchKeys":["GetAllUsersRequest","data class GetAllUsersRequest(val token: String) : Serializable","com.joanet.pizzalgustmobile.GetAllUsersRequest"]},{"name":"data class Login(val email: String, val password: String, val msg: String, val user_name: String, val first_name: String, val last_name: String, val is_admin: Boolean, val user_type: String, val token: String) : Serializable","description":"com.joanet.pizzalgustmobile.Login","location":"app/com.joanet.pizzalgustmobile/-login/index.html","searchKeys":["Login","data class Login(val email: String, val password: String, val msg: String, val user_name: String, val first_name: String, val last_name: String, val is_admin: Boolean, val user_type: String, val token: String) : Serializable","com.joanet.pizzalgustmobile.Login"]},{"name":"data class Logout(val token: String, val msg: String) : Serializable","description":"com.joanet.pizzalgustmobile.Logout","location":"app/com.joanet.pizzalgustmobile/-logout/index.html","searchKeys":["Logout","data class Logout(val token: String, val msg: String) : Serializable","com.joanet.pizzalgustmobile.Logout"]},{"name":"data class Pizza(val _id: String, val name: String, val description: String, val price: Float) : Serializable","description":"com.joanet.pizzalgustmobile.Pizza","location":"app/com.joanet.pizzalgustmobile/-pizza/index.html","searchKeys":["Pizza","data class Pizza(val _id: String, val name: String, val description: String, val price: Float) : Serializable","com.joanet.pizzalgustmobile.Pizza"]},{"name":"data class ResponseCreatePizza(val msg: String, val pizza_id: String) : Serializable","description":"com.joanet.pizzalgustmobile.ResponseCreatePizza","location":"app/com.joanet.pizzalgustmobile/-response-create-pizza/index.html","searchKeys":["ResponseCreatePizza","data class ResponseCreatePizza(val msg: String, val pizza_id: String) : Serializable","com.joanet.pizzalgustmobile.ResponseCreatePizza"]},{"name":"data class UpdateResponse(val msg: String) : Serializable","description":"com.joanet.pizzalgustmobile.UpdateResponse","location":"app/com.joanet.pizzalgustmobile/-update-response/index.html","searchKeys":["UpdateResponse","data class UpdateResponse(val msg: String) : Serializable","com.joanet.pizzalgustmobile.UpdateResponse"]},{"name":"data class UpdateUser(val token: String, val user_name: String? = null, val email: String? = null, val first_name: String? = null, val last_name: String? = null) : Serializable","description":"com.joanet.pizzalgustmobile.UpdateUser","location":"app/com.joanet.pizzalgustmobile/-update-user/index.html","searchKeys":["UpdateUser","data class UpdateUser(val token: String, val user_name: String? = null, val email: String? = null, val first_name: String? = null, val last_name: String? = null) : Serializable","com.joanet.pizzalgustmobile.UpdateUser"]},{"name":"data class User(val _id: String, val email: String, val first_name: String, val is_admin: Boolean, val last_name: String, val user_name: String, val user_type: String) : Serializable","description":"com.joanet.pizzalgustmobile.User","location":"app/com.joanet.pizzalgustmobile/-user/index.html","searchKeys":["User","data class User(val _id: String, val email: String, val first_name: String, val is_admin: Boolean, val last_name: String, val user_name: String, val user_type: String) : Serializable","com.joanet.pizzalgustmobile.User"]},{"name":"data class UserResponse(val msg: String, val user_id: String) : Serializable","description":"com.joanet.pizzalgustmobile.UserResponse","location":"app/com.joanet.pizzalgustmobile/-user-response/index.html","searchKeys":["UserResponse","data class UserResponse(val msg: String, val user_id: String) : Serializable","com.joanet.pizzalgustmobile.UserResponse"]},{"name":"fun bind(pizza: Pizza)","description":"com.joanet.pizzalgustmobile.PizzaListAdapter.PizzaViewHolder.bind","location":"app/com.joanet.pizzalgustmobile/-pizza-list-adapter/-pizza-view-holder/bind.html","searchKeys":["bind","fun bind(pizza: Pizza)","com.joanet.pizzalgustmobile.PizzaListAdapter.PizzaViewHolder.bind"]},{"name":"fun bind(user: User)","description":"com.joanet.pizzalgustmobile.UserListAdapter.UserViewHolder.bind","location":"app/com.joanet.pizzalgustmobile/-user-list-adapter/-user-view-holder/bind.html","searchKeys":["bind","fun bind(user: User)","com.joanet.pizzalgustmobile.UserListAdapter.UserViewHolder.bind"]},{"name":"fun clearAuthToken(context: Context)","description":"PreferenceManager.clearAuthToken","location":"app/[root]/-preference-manager/clear-auth-token.html","searchKeys":["clearAuthToken","fun clearAuthToken(context: Context)","PreferenceManager.clearAuthToken"]},{"name":"fun createApiService(): ApiService","description":"com.joanet.pizzalgustmobile.RetrofitClient.createApiService","location":"app/com.joanet.pizzalgustmobile/-retrofit-client/create-api-service.html","searchKeys":["createApiService","fun createApiService(): ApiService","com.joanet.pizzalgustmobile.RetrofitClient.createApiService"]},{"name":"fun createLogoutService(): ApiService.ApiLogout","description":"com.joanet.pizzalgustmobile.RetrofitClient.createLogoutService","location":"app/com.joanet.pizzalgustmobile/-retrofit-client/create-logout-service.html","searchKeys":["createLogoutService","fun createLogoutService(): ApiService.ApiLogout","com.joanet.pizzalgustmobile.RetrofitClient.createLogoutService"]},{"name":"fun getAuthToken(context: Context): String","description":"PreferenceManager.getAuthToken","location":"app/[root]/-preference-manager/get-auth-token.html","searchKeys":["getAuthToken","fun getAuthToken(context: Context): String","PreferenceManager.getAuthToken"]},{"name":"fun init(context: Context)","description":"PreferenceManager.init","location":"app/[root]/-preference-manager/init.html","searchKeys":["init","fun init(context: Context)","PreferenceManager.init"]},{"name":"fun logoutUser(token: String)","description":"com.joanet.pizzalgustmobile.AdminActivity.logoutUser","location":"app/com.joanet.pizzalgustmobile/-admin-activity/logout-user.html","searchKeys":["logoutUser","fun logoutUser(token: String)","com.joanet.pizzalgustmobile.AdminActivity.logoutUser"]},{"name":"fun saveAuthToken(context: Context, authToken: String)","description":"PreferenceManager.saveAuthToken","location":"app/[root]/-preference-manager/save-auth-token.html","searchKeys":["saveAuthToken","fun saveAuthToken(context: Context, authToken: String)","PreferenceManager.saveAuthToken"]},{"name":"interface ApiLogout","description":"com.joanet.pizzalgustmobile.ApiService.ApiLogout","location":"app/com.joanet.pizzalgustmobile/-api-service/-api-logout/index.html","searchKeys":["ApiLogout","interface ApiLogout","com.joanet.pizzalgustmobile.ApiService.ApiLogout"]},{"name":"interface ApiService","description":"com.joanet.pizzalgustmobile.ApiService","location":"app/com.joanet.pizzalgustmobile/-api-service/index.html","searchKeys":["ApiService","interface ApiService","com.joanet.pizzalgustmobile.ApiService"]},{"name":"object PreferenceManager","description":"PreferenceManager","location":"app/[root]/-preference-manager/index.html","searchKeys":["PreferenceManager","object PreferenceManager","PreferenceManager"]},{"name":"object RetrofitClient","description":"com.joanet.pizzalgustmobile.RetrofitClient","location":"app/com.joanet.pizzalgustmobile/-retrofit-client/index.html","searchKeys":["RetrofitClient","object RetrofitClient","com.joanet.pizzalgustmobile.RetrofitClient"]},{"name":"open override fun getItemCount(): Int","description":"com.joanet.pizzalgustmobile.PizzaListAdapter.getItemCount","location":"app/com.joanet.pizzalgustmobile/-pizza-list-adapter/get-item-count.html","searchKeys":["getItemCount","open override fun getItemCount(): Int","com.joanet.pizzalgustmobile.PizzaListAdapter.getItemCount"]},{"name":"open override fun getItemCount(): Int","description":"com.joanet.pizzalgustmobile.UserListAdapter.getItemCount","location":"app/com.joanet.pizzalgustmobile/-user-list-adapter/get-item-count.html","searchKeys":["getItemCount","open override fun getItemCount(): Int","com.joanet.pizzalgustmobile.UserListAdapter.getItemCount"]},{"name":"open override fun onBackPressed()","description":"com.joanet.pizzalgustmobile.AdminActivity.onBackPressed","location":"app/com.joanet.pizzalgustmobile/-admin-activity/on-back-pressed.html","searchKeys":["onBackPressed","open override fun onBackPressed()","com.joanet.pizzalgustmobile.AdminActivity.onBackPressed"]},{"name":"open override fun onBindViewHolder(holder: PizzaListAdapter.PizzaViewHolder, position: Int)","description":"com.joanet.pizzalgustmobile.PizzaListAdapter.onBindViewHolder","location":"app/com.joanet.pizzalgustmobile/-pizza-list-adapter/on-bind-view-holder.html","searchKeys":["onBindViewHolder","open override fun onBindViewHolder(holder: PizzaListAdapter.PizzaViewHolder, position: Int)","com.joanet.pizzalgustmobile.PizzaListAdapter.onBindViewHolder"]},{"name":"open override fun onBindViewHolder(holder: UserListAdapter.UserViewHolder, position: Int)","description":"com.joanet.pizzalgustmobile.UserListAdapter.onBindViewHolder","location":"app/com.joanet.pizzalgustmobile/-user-list-adapter/on-bind-view-holder.html","searchKeys":["onBindViewHolder","open override fun onBindViewHolder(holder: UserListAdapter.UserViewHolder, position: Int)","com.joanet.pizzalgustmobile.UserListAdapter.onBindViewHolder"]},{"name":"open override fun onCreateViewHolder(parent: ViewGroup, viewType: Int): PizzaListAdapter.PizzaViewHolder","description":"com.joanet.pizzalgustmobile.PizzaListAdapter.onCreateViewHolder","location":"app/com.joanet.pizzalgustmobile/-pizza-list-adapter/on-create-view-holder.html","searchKeys":["onCreateViewHolder","open override fun onCreateViewHolder(parent: ViewGroup, viewType: Int): PizzaListAdapter.PizzaViewHolder","com.joanet.pizzalgustmobile.PizzaListAdapter.onCreateViewHolder"]},{"name":"open override fun onCreateViewHolder(parent: ViewGroup, viewType: Int): UserListAdapter.UserViewHolder","description":"com.joanet.pizzalgustmobile.UserListAdapter.onCreateViewHolder","location":"app/com.joanet.pizzalgustmobile/-user-list-adapter/on-create-view-holder.html","searchKeys":["onCreateViewHolder","open override fun onCreateViewHolder(parent: ViewGroup, viewType: Int): UserListAdapter.UserViewHolder","com.joanet.pizzalgustmobile.UserListAdapter.onCreateViewHolder"]},{"name":"val _id: String","description":"com.joanet.pizzalgustmobile.Pizza._id","location":"app/com.joanet.pizzalgustmobile/-pizza/_id.html","searchKeys":["_id","val _id: String","com.joanet.pizzalgustmobile.Pizza._id"]},{"name":"val _id: String","description":"com.joanet.pizzalgustmobile.User._id","location":"app/com.joanet.pizzalgustmobile/-user/_id.html","searchKeys":["_id","val _id: String","com.joanet.pizzalgustmobile.User._id"]},{"name":"val description: String","description":"com.joanet.pizzalgustmobile.CreatePizza.description","location":"app/com.joanet.pizzalgustmobile/-create-pizza/description.html","searchKeys":["description","val description: String","com.joanet.pizzalgustmobile.CreatePizza.description"]},{"name":"val description: String","description":"com.joanet.pizzalgustmobile.Pizza.description","location":"app/com.joanet.pizzalgustmobile/-pizza/description.html","searchKeys":["description","val description: String","com.joanet.pizzalgustmobile.Pizza.description"]},{"name":"val email: String","description":"com.joanet.pizzalgustmobile.CreateUser.email","location":"app/com.joanet.pizzalgustmobile/-create-user/email.html","searchKeys":["email","val email: String","com.joanet.pizzalgustmobile.CreateUser.email"]},{"name":"val email: String","description":"com.joanet.pizzalgustmobile.Login.email","location":"app/com.joanet.pizzalgustmobile/-login/email.html","searchKeys":["email","val email: String","com.joanet.pizzalgustmobile.Login.email"]},{"name":"val email: String","description":"com.joanet.pizzalgustmobile.User.email","location":"app/com.joanet.pizzalgustmobile/-user/email.html","searchKeys":["email","val email: String","com.joanet.pizzalgustmobile.User.email"]},{"name":"val email: String? = null","description":"com.joanet.pizzalgustmobile.AdminUpdateUser.email","location":"app/com.joanet.pizzalgustmobile/-admin-update-user/email.html","searchKeys":["email","val email: String? = null","com.joanet.pizzalgustmobile.AdminUpdateUser.email"]},{"name":"val email: String? = null","description":"com.joanet.pizzalgustmobile.UpdateUser.email","location":"app/com.joanet.pizzalgustmobile/-update-user/email.html","searchKeys":["email","val email: String? = null","com.joanet.pizzalgustmobile.UpdateUser.email"]},{"name":"val first_name: String","description":"com.joanet.pizzalgustmobile.CreateUser.first_name","location":"app/com.joanet.pizzalgustmobile/-create-user/first_name.html","searchKeys":["first_name","val first_name: String","com.joanet.pizzalgustmobile.CreateUser.first_name"]},{"name":"val first_name: String","description":"com.joanet.pizzalgustmobile.Login.first_name","location":"app/com.joanet.pizzalgustmobile/-login/first_name.html","searchKeys":["first_name","val first_name: String","com.joanet.pizzalgustmobile.Login.first_name"]},{"name":"val first_name: String","description":"com.joanet.pizzalgustmobile.User.first_name","location":"app/com.joanet.pizzalgustmobile/-user/first_name.html","searchKeys":["first_name","val first_name: String","com.joanet.pizzalgustmobile.User.first_name"]},{"name":"val first_name: String? = null","description":"com.joanet.pizzalgustmobile.AdminUpdateUser.first_name","location":"app/com.joanet.pizzalgustmobile/-admin-update-user/first_name.html","searchKeys":["first_name","val first_name: String? = null","com.joanet.pizzalgustmobile.AdminUpdateUser.first_name"]},{"name":"val first_name: String? = null","description":"com.joanet.pizzalgustmobile.UpdateUser.first_name","location":"app/com.joanet.pizzalgustmobile/-update-user/first_name.html","searchKeys":["first_name","val first_name: String? = null","com.joanet.pizzalgustmobile.UpdateUser.first_name"]},{"name":"val is_admin: Boolean","description":"com.joanet.pizzalgustmobile.Login.is_admin","location":"app/com.joanet.pizzalgustmobile/-login/is_admin.html","searchKeys":["is_admin","val is_admin: Boolean","com.joanet.pizzalgustmobile.Login.is_admin"]},{"name":"val is_admin: Boolean","description":"com.joanet.pizzalgustmobile.User.is_admin","location":"app/com.joanet.pizzalgustmobile/-user/is_admin.html","searchKeys":["is_admin","val is_admin: Boolean","com.joanet.pizzalgustmobile.User.is_admin"]},{"name":"val last_name: String","description":"com.joanet.pizzalgustmobile.CreateUser.last_name","location":"app/com.joanet.pizzalgustmobile/-create-user/last_name.html","searchKeys":["last_name","val last_name: String","com.joanet.pizzalgustmobile.CreateUser.last_name"]},{"name":"val last_name: String","description":"com.joanet.pizzalgustmobile.Login.last_name","location":"app/com.joanet.pizzalgustmobile/-login/last_name.html","searchKeys":["last_name","val last_name: String","com.joanet.pizzalgustmobile.Login.last_name"]},{"name":"val last_name: String","description":"com.joanet.pizzalgustmobile.User.last_name","location":"app/com.joanet.pizzalgustmobile/-user/last_name.html","searchKeys":["last_name","val last_name: String","com.joanet.pizzalgustmobile.User.last_name"]},{"name":"val last_name: String? = null","description":"com.joanet.pizzalgustmobile.AdminUpdateUser.last_name","location":"app/com.joanet.pizzalgustmobile/-admin-update-user/last_name.html","searchKeys":["last_name","val last_name: String? = null","com.joanet.pizzalgustmobile.AdminUpdateUser.last_name"]},{"name":"val last_name: String? = null","description":"com.joanet.pizzalgustmobile.UpdateUser.last_name","location":"app/com.joanet.pizzalgustmobile/-update-user/last_name.html","searchKeys":["last_name","val last_name: String? = null","com.joanet.pizzalgustmobile.UpdateUser.last_name"]},{"name":"val msg: String","description":"com.joanet.pizzalgustmobile.AdminUpdateResponse.msg","location":"app/com.joanet.pizzalgustmobile/-admin-update-response/msg.html","searchKeys":["msg","val msg: String","com.joanet.pizzalgustmobile.AdminUpdateResponse.msg"]},{"name":"val msg: String","description":"com.joanet.pizzalgustmobile.DeleteUserResponse.msg","location":"app/com.joanet.pizzalgustmobile/-delete-user-response/msg.html","searchKeys":["msg","val msg: String","com.joanet.pizzalgustmobile.DeleteUserResponse.msg"]},{"name":"val msg: String","description":"com.joanet.pizzalgustmobile.Login.msg","location":"app/com.joanet.pizzalgustmobile/-login/msg.html","searchKeys":["msg","val msg: String","com.joanet.pizzalgustmobile.Login.msg"]},{"name":"val msg: String","description":"com.joanet.pizzalgustmobile.Logout.msg","location":"app/com.joanet.pizzalgustmobile/-logout/msg.html","searchKeys":["msg","val msg: String","com.joanet.pizzalgustmobile.Logout.msg"]},{"name":"val msg: String","description":"com.joanet.pizzalgustmobile.ResponseCreatePizza.msg","location":"app/com.joanet.pizzalgustmobile/-response-create-pizza/msg.html","searchKeys":["msg","val msg: String","com.joanet.pizzalgustmobile.ResponseCreatePizza.msg"]},{"name":"val msg: String","description":"com.joanet.pizzalgustmobile.UpdateResponse.msg","location":"app/com.joanet.pizzalgustmobile/-update-response/msg.html","searchKeys":["msg","val msg: String","com.joanet.pizzalgustmobile.UpdateResponse.msg"]},{"name":"val msg: String","description":"com.joanet.pizzalgustmobile.UserResponse.msg","location":"app/com.joanet.pizzalgustmobile/-user-response/msg.html","searchKeys":["msg","val msg: String","com.joanet.pizzalgustmobile.UserResponse.msg"]},{"name":"val name: String","description":"com.joanet.pizzalgustmobile.CreatePizza.name","location":"app/com.joanet.pizzalgustmobile/-create-pizza/name.html","searchKeys":["name","val name: String","com.joanet.pizzalgustmobile.CreatePizza.name"]},{"name":"val name: String","description":"com.joanet.pizzalgustmobile.Pizza.name","location":"app/com.joanet.pizzalgustmobile/-pizza/name.html","searchKeys":["name","val name: String","com.joanet.pizzalgustmobile.Pizza.name"]},{"name":"val password: String","description":"com.joanet.pizzalgustmobile.CreateUser.password","location":"app/com.joanet.pizzalgustmobile/-create-user/password.html","searchKeys":["password","val password: String","com.joanet.pizzalgustmobile.CreateUser.password"]},{"name":"val password: String","description":"com.joanet.pizzalgustmobile.Login.password","location":"app/com.joanet.pizzalgustmobile/-login/password.html","searchKeys":["password","val password: String","com.joanet.pizzalgustmobile.Login.password"]},{"name":"val pizza_id: String","description":"com.joanet.pizzalgustmobile.ResponseCreatePizza.pizza_id","location":"app/com.joanet.pizzalgustmobile/-response-create-pizza/pizza_id.html","searchKeys":["pizza_id","val pizza_id: String","com.joanet.pizzalgustmobile.ResponseCreatePizza.pizza_id"]},{"name":"val pizzas: List<Pizza>","description":"com.joanet.pizzalgustmobile.GetAllPizzas.pizzas","location":"app/com.joanet.pizzalgustmobile/-get-all-pizzas/pizzas.html","searchKeys":["pizzas","val pizzas: List<Pizza>","com.joanet.pizzalgustmobile.GetAllPizzas.pizzas"]},{"name":"val price: Float","description":"com.joanet.pizzalgustmobile.CreatePizza.price","location":"app/com.joanet.pizzalgustmobile/-create-pizza/price.html","searchKeys":["price","val price: Float","com.joanet.pizzalgustmobile.CreatePizza.price"]},{"name":"val price: Float","description":"com.joanet.pizzalgustmobile.Pizza.price","location":"app/com.joanet.pizzalgustmobile/-pizza/price.html","searchKeys":["price","val price: Float","com.joanet.pizzalgustmobile.Pizza.price"]},{"name":"val token: String","description":"com.joanet.pizzalgustmobile.AdminUpdateUser.token","location":"app/com.joanet.pizzalgustmobile/-admin-update-user/token.html","searchKeys":["token","val token: String","com.joanet.pizzalgustmobile.AdminUpdateUser.token"]},{"name":"val token: String","description":"com.joanet.pizzalgustmobile.CreatePizza.token","location":"app/com.joanet.pizzalgustmobile/-create-pizza/token.html","searchKeys":["token","val token: String","com.joanet.pizzalgustmobile.CreatePizza.token"]},{"name":"val token: String","description":"com.joanet.pizzalgustmobile.DeleteUser.token","location":"app/com.joanet.pizzalgustmobile/-delete-user/token.html","searchKeys":["token","val token: String","com.joanet.pizzalgustmobile.DeleteUser.token"]},{"name":"val token: String","description":"com.joanet.pizzalgustmobile.GetAllPizzasRequest.token","location":"app/com.joanet.pizzalgustmobile/-get-all-pizzas-request/token.html","searchKeys":["token","val token: String","com.joanet.pizzalgustmobile.GetAllPizzasRequest.token"]},{"name":"val token: String","description":"com.joanet.pizzalgustmobile.GetAllUsersRequest.token","location":"app/com.joanet.pizzalgustmobile/-get-all-users-request/token.html","searchKeys":["token","val token: String","com.joanet.pizzalgustmobile.GetAllUsersRequest.token"]},{"name":"val token: String","description":"com.joanet.pizzalgustmobile.Login.token","location":"app/com.joanet.pizzalgustmobile/-login/token.html","searchKeys":["token","val token: String","com.joanet.pizzalgustmobile.Login.token"]},{"name":"val token: String","description":"com.joanet.pizzalgustmobile.Logout.token","location":"app/com.joanet.pizzalgustmobile/-logout/token.html","searchKeys":["token","val token: String","com.joanet.pizzalgustmobile.Logout.token"]},{"name":"val token: String","description":"com.joanet.pizzalgustmobile.UpdateUser.token","location":"app/com.joanet.pizzalgustmobile/-update-user/token.html","searchKeys":["token","val token: String","com.joanet.pizzalgustmobile.UpdateUser.token"]},{"name":"val user_id: String","description":"com.joanet.pizzalgustmobile.AdminUpdateUser.user_id","location":"app/com.joanet.pizzalgustmobile/-admin-update-user/user_id.html","searchKeys":["user_id","val user_id: String","com.joanet.pizzalgustmobile.AdminUpdateUser.user_id"]},{"name":"val user_id: String","description":"com.joanet.pizzalgustmobile.DeleteUser.user_id","location":"app/com.joanet.pizzalgustmobile/-delete-user/user_id.html","searchKeys":["user_id","val user_id: String","com.joanet.pizzalgustmobile.DeleteUser.user_id"]},{"name":"val user_id: String","description":"com.joanet.pizzalgustmobile.UserResponse.user_id","location":"app/com.joanet.pizzalgustmobile/-user-response/user_id.html","searchKeys":["user_id","val user_id: String","com.joanet.pizzalgustmobile.UserResponse.user_id"]},{"name":"val user_name: String","description":"com.joanet.pizzalgustmobile.CreateUser.user_name","location":"app/com.joanet.pizzalgustmobile/-create-user/user_name.html","searchKeys":["user_name","val user_name: String","com.joanet.pizzalgustmobile.CreateUser.user_name"]},{"name":"val user_name: String","description":"com.joanet.pizzalgustmobile.Login.user_name","location":"app/com.joanet.pizzalgustmobile/-login/user_name.html","searchKeys":["user_name","val user_name: String","com.joanet.pizzalgustmobile.Login.user_name"]},{"name":"val user_name: String","description":"com.joanet.pizzalgustmobile.User.user_name","location":"app/com.joanet.pizzalgustmobile/-user/user_name.html","searchKeys":["user_name","val user_name: String","com.joanet.pizzalgustmobile.User.user_name"]},{"name":"val user_name: String? = null","description":"com.joanet.pizzalgustmobile.AdminUpdateUser.user_name","location":"app/com.joanet.pizzalgustmobile/-admin-update-user/user_name.html","searchKeys":["user_name","val user_name: String? = null","com.joanet.pizzalgustmobile.AdminUpdateUser.user_name"]},{"name":"val user_name: String? = null","description":"com.joanet.pizzalgustmobile.UpdateUser.user_name","location":"app/com.joanet.pizzalgustmobile/-update-user/user_name.html","searchKeys":["user_name","val user_name: String? = null","com.joanet.pizzalgustmobile.UpdateUser.user_name"]},{"name":"val user_type: String","description":"com.joanet.pizzalgustmobile.Login.user_type","location":"app/com.joanet.pizzalgustmobile/-login/user_type.html","searchKeys":["user_type","val user_type: String","com.joanet.pizzalgustmobile.Login.user_type"]},{"name":"val user_type: String","description":"com.joanet.pizzalgustmobile.User.user_type","location":"app/com.joanet.pizzalgustmobile/-user/user_type.html","searchKeys":["user_type","val user_type: String","com.joanet.pizzalgustmobile.User.user_type"]},{"name":"val users: List<User>","description":"com.joanet.pizzalgustmobile.GetAllUsers.users","location":"app/com.joanet.pizzalgustmobile/-get-all-users/users.html","searchKeys":["users","val users: List<User>","com.joanet.pizzalgustmobile.GetAllUsers.users"]}]
